<?xml version="1.0" encoding="UTF-8"?>

<!DOCTYPE mapper
    PUBLIC "-//mybatis.org//DTD Mapper 3.0//EN"
    "http://mybatis.org/dtd/mybatis-3-mapper.dtd">

<mapper namespace="com.javalec.team.dao.GoodsDao">

     <select id="getGoods" resultType="com.javalec.team.dto.GoodsDto" parameterType="hashmap">
        <!-- select mem_pwd from mvc_member where mem_uid=#{mem_uid} --> 
        select g_name,g_code,g_price from goods where g_code = #{g_code}
    </select> 
 
   <insert id="insertBuy">
		insert into history(h_code,c_amount,u_id,g_code,g_price) VALUES(HISTORY_SEQ.nextval,${c_amount},${u_id},${g_code},${g_price})
    </insert>
   <insert id="insertGoods">
		insert into goods(g_code,g_name,g_price) VALUES(GOODS_SEQ.nextval,'${g_name}',${g_price})
   </insert>

   
   <insert id="insertGoodsImg">
		insert into goodsimg(g_code,img_code,img_origin,img_1,img_2) VALUES(${g_code},GOODSIMG_SEQ.nextval,'${img_origin}','${img_1}','${img_2}')
   </insert>
   
     <select id="getGoodsGcode" resultType="com.javalec.team.dto.GoodsDto" parameterType="hashmap">
        <!-- select  max(g_code) from goods --> 
        select max(g_code) as g_code from goods
    </select>
       

       
</mapper>