<?xml version="1.0" encoding="UTF-8"?>
<!DOCTYPE mapper
    PUBLIC "-//mybatis.org//DTD Mapper 3.0//EN"
    "http://mybatis.org/dtd/mybatis-3-mapper.dtd">

<mapper namespace="com.javalec.team.dao.ReviewDao"> <!-- dao파일 경로 --> 

    <select id="list" parameterType="hashmap" resultType="com.javalec.team.dto.ReviewDto">
        select * from review order by r_code desc
    </select>

   <insert id="write" parameterType="hashmap">
   		insert into review(r_code, r_name, u_id, r_rate)
   		 values(review_seq.nextval, #{r_name}, #{u_id}, #{r_rate})
   		 where b_code=#{b_code} and 1=#{b_yn}
    </insert>
    
    <select id="show" parameterType="hashmap" resultType="com.javalec.team.dto.ReviewDto">
        select * from review where r_code=#{r_code}
    </select>
    
    <select id="num" resultType="int">
        select count(*) from review
    </select>
    
    <delete id="delete" parameterType="hashmap">
        delete from review where r_code=#{r_code}
    </delete>
    
    <update id="modify" parameterType="hashmap">
    	update review set r_name= #{r_name}, r_rate=#{r_rate} where r_code=#{r_code}
    </update>
    
    <update id="upView" parameterType="hashmap">
    	update review set r_view = r_view+1 where r_code=#{r_code}
    </update>
    
    <update id="insertRate" parameterType="hashmap">
    	update movie set m_rate=#{r_rate} where m_code=#{m_code}
    </update>
    
    <select id="getMcode" parameterType="hashmap" resultType="com.javalec.team.dto.ReviewDto">
    	select m_code from book where u_id=#{u_id}
    </select>
    
    <select id="getRateAvg" parameterType="hashmap" resultType="com.javalec.team.dto.ReviewDto">
    	select ceil(avg(nvl(r_rate, 0))) as r_rate from review where m_code=#{m_code}
    </select>
    
</mapper>